اسم المنتج,السعر
"48-1 من أكثر من 70,000 نتائج لـ",
,
"""ألعاب""",
لعبة مخملية بيبي اردنويلد مستوحاة من وورلد اوف ووركرافت من اي تيملاب,
لعبة بيرسونا 5 رويال مورجانا الناعمة من ايتيملاب، 26 سم,
مجموعة ألعاب ديناصور ترانسفورم روبوت 5 في 1 للأولاد من سن 3 و4 و5 و6 و7 و8 سنوات مع مجموعة أدوات مثقاب، مناسبة لعيد الميلاد وعيد الميلاد المجيد وعيد الفصح من روكلو,
واو! عصا لوموس هاري بوتر المضيئة من ستاف 7 انش | هدايا الرسمية ويزاردينج وورلد العاب ومقتنيات | اكسسوار زي لعب الادوار او تنكري للمعجبين والفتيات والاولاد سن 3 سنوات الى البالغين، مادة صمغية,
لعبة كرة اورب فلاير المطورة 2022، بوميرانج هوفر، جهاز تدوير طائرة مع خدع لا نهاية لها، + 10 سنوات، للاطفال، للمراهقين من الجنسين، مناسبة للاماكن الداخلية والخارجية، أزرق، بلاستيك,
لعبة على شكل اسنان تمساح للاطفال من اي شين عض الاصابع بواسطة التمساح العاب مضحكة مناسبة لطبيب الاسنان اصدار عام 2020 لسن 4 سنوات فما فوق بلاستيك ألوان متعددة,
الة كاريوكي للاطفال من واي ال ال، مكبر صوت بلوتوث محمول مع ميكروفون لاسلكي، هدايا العاب الاطفال للكريسماس للبنات بعمر 4 و5 و6 و7 و8 و9 و10 سنوات فما فوق (زهري فاتح),
لعبة سيارات تعمل بالسحب للخلف مع صندوق تخزين من خليط معدني، سيارات سباق صغيرة تعمل بالدفع والسحب للخلف للأطفال، هدايا الحفلات مناسبة للأطفال بعمر 3 سنوات فما فوق هدية للأولاد والبنات، من 30 قطعة,
4 عبوات من لعبة الزرافة بكوب شفط تلسكوبي من زونتيوس ، أنابيب حسية للأطفال الصغار ألعاب فيدجيت للفتيان والفتيات بعمر 3 4 5 6 7 8 سنوات هدايا عيد ميلاد ممتعة بلاستيك سانتا أزرق,
العاب للبنات 10 سنوات جهاز عرض نجوم للاطفال من عمر 2 9 هدايا 3 8 الكريسماس للاولاد 4 7 حسية عيد الميلاد متعدد الالوان,
بساط مائي قابل للنفخ على شكل اخطبوط للاطفال من تومي تايم اي سي في العاب حسية حديثي الولادة البنات والاولاد أزرق,
طاولة صغيرة بجهاز عرض للرسم للأطفال، لعبة جهاز عرض للتتبع والرسم مع ضوء وموسيقى، مكتب رسم ذكي للأطفال، لوحات رسم عشوائي للأطفال الأولاد والبنات من سن 3-8 سنوات,
لعبة النرد شوت ذا بوكس من اي سي في في، لعبة لوح خشبية 4 جوانب لـ 1-4 لاعبين، لعبة عائلية كلاسيكية مع 2 نرد، مثالية للمنزل أو الفصل الدراسي أو الترفيه في البار,
سيارات تعمل بالسحب للخلف بأشكال متعددة مع صندوق تخزين من فن مومنت - 30 قطعة,
الة كاريوكي صغيرة للاطفال والكبار من واي ال ال، مكبر صوت بلوتوث محمول مع 2 ميكروفون لاسلكي، العاب هدايا عيد ميلاد للبنات من سن 3 و4 و5 و6 و7 و8 و9 و10 و11 و12 سنة فما فوق (زهري فاتح),
لعبة بطاقات عالمية اونو ماين كرافت من ماتيل غيمز، متعددة الالوان، عبوة اساسية، بلاستيك,
لعبة من افاس تويز صبارة راقصة غنائية,
لوح كتابة تابلت LCD مقاس 8.5 انش من سكاي تاتش، لوح رسم للكتابة قابل للمسح واعادة الاستخدام، العاب تعليمية هدايا للاطفال من سن 3 و4 و5 و6 سنوات,
اي سي في دمية على شكل اخطبوط من القطيفة قابلة للعكس الوجهين العاب لطيفة للاطفال البنات والاولاد هدية عيد ميلاد,
مجموعة صنع الأساور للبنات من بيونتي 68 قطعة - صندوق مجوهرات تعليقات للحرف اليدوية هدية للبالغين والأطفال بعمر 8 12 سنة زهري,
لعبة مستوحاة من لعبة الفيديو للأطفال مطعم در برغر من ليغو Fortnite، مجموعة لعب للصبيان والبنات وهواة الألعاب، مع الشخصيات مفجّرة الشاطئ وزعيم اللحم ونموذج هيكل عظمي، هدايا لعبة فيديو للأطفال 77076,
لعبة مجسم ديناصور فورتنايت كلومبو 77077 مع شخصيات اورو وايلاند بيلي المصغرة للعب والعرض للأولاد والبنات ومحبي الألعاب من سن 10 سنوات فما فوق من ليجو,
ليجو لعبة التخييم بيلي اند سبارك بلوج من فورتنايت - بما في ذلك مجسمات لاما من وولف اند سبلاي مع نار التخييم و3 مجسمات مصغرة - هدية للاولاد والبنات ومحبي الالعاب سن 7 سنوات فما فوق - 77075,
"SKY-TOUCH Montessori Wooden Musical Instrument Set, Percussion Baby Xylophone Toy, Children's Birthday Gift, Baby Music Educational Toy, with Storage Bag, Suitable for Children Over 3 Years Old",
اي سي في العاب تكديس مكعبات خشبية 54 قطعة من التراص للاطفال والعائلات موازنة ملونة مونتيسوري تعليمية هدايا طفل,
سوفام لعبة مطرقة اند بول دروب العاب لضرب الكرة للاولاد والبنات بعمر سنة واحدة، باوند ايه للاطفال الصغار، مهارات حركية دقيقة تنموية من 6 الى 12-18 شهر، بلاستيك، متعدد الألوان,
العاب المطرقة والكرة من يوني لهدايا الرضع الاولاد والبنات بعمر 1 سنة ضرب الكرة الاطفال 6 إلى 12 18 شهر ABS ألوان متعددة,
جياوو لعبة دروب ستيك عصا التقاط بلاستيكية ايفا هدية للاطفال أصفر,
كرات 59040 بطبعات حيوية من انتكس، ألوان متنوعة,
لعبة طائرة هليكوبتر صغيرة بجهاز تحكم عن بعد بالتحكم في 2.5 قناة ونظام تحليق وضع واحد بدون يدوي مناسبة كهدايا الحفلات وهدية عيد الميلاد للأطفال,
لعبة كاميرا للاطفال من مالاي فيديو رقمية HD 1080P للاولادالبنات بعمر 3 12 عام صور السيلفي قابلة لاعادة الشحن USB ببطاقة SD سعة 32GB وقارئ بطاقات X 5 S زهري,
مجموعة الوجبات السريعة من Elitao Pretend Play ، لعب الطعام لمطبخ الأطفال - لعب إكسسوارات المطبخ - لعبة الأطعمة مع لعبة برغر اللعب وطعام بلاستيكي هوت دوج للعب التظاهر ، هدايا أعياد ميلاد للأطفال الصغار,
لعبة قطيفة من شو واي على شكل اخطبوط ذات وجهين بتعبيري السعادة والغضب الداخل الى الخارج بلون بينك - ازرق,
لعبة معجون صلصال هاسبرو من بلاي-دو، 23241EU4 – عبوة صغيرة من 4 قطع,
العاب قطار دومينو : 180 قطعة من لعبة الدومينو الابداعية المتراصة الاوتوماتيكية بعمر 3 سنوات فما فوق - بناء مونتيسوري للاولاد 4-6 هدايا عيد ميلاد التوحد الصيفية 5 6 بريفي,
ألعاب موتشي إسفنجية للأطفال، لعبة كاواي صغيرة لتخفيف التوتر وصندوق الكنز والجوائز المدرسية وهدايا عيد الحب وحشو البيض وحقيبة هدايا الحفلات على شكل جورب للأطفال من الجنسين، ألوان عشوائية، 28 قطعة,
نموذج سيارة لامبورجيني اس تي او من ام زد أزرق نسخة مصبوبة طبق الأصل مستوحى التيميت كوليكتور مجموعة الرجوع للخلف المقاس 1:64 للاطفال عمر 3 سنوات فما فوق,
العاب سيارات تعمل بجهاز تحكم عن بعد - متحولة للاطفال والاولاد - تحول بزر واحد وانجراف دوار 360 درجة - هدايا للاولاد والبنات، أصفر,
لعبة بشكل مكعب فدجيت للبالغين والأطفال من اباش، لتخفيف التوتر، [هدية مثالية] [لعبة للاسترخاء] [لعبة لتخفيف التوتر] [مادة ناعمة] (لون أسود وأسود),
مجموعة من اربع عبوات العاب مونستر ترك للاولاد والبنات سيارات تعليمية تعمل بالقصور الذاتي الدفع والانطلاق بالطاقة الاحتكاكية متعدد الألوان,
لوحة مونتيسوري بيزي بورد بلس V2 من ايابيدي، خشب، أصفر,
العاب اطفال للتعليم المبكر بتصميم احجية العاب مطبخ لاصقة سحرية للتظاهر بتقطيع فواكه وخضار من الخشب من مومو بير,
مجسمات شخصيات للجنسين، طراز 44672 من انتيكس، متعددة الألوان - مناسبة لعمر من 3-6 سنوات,
لعبة ارنب باذنين طويلة من سكاي تاتش: العاب قطيفة ناعمة محشوة لطيفة للاطفال,
لعبة صاروخ الفضاء، لعبة قاذف صواريخ للاطفال، صاروخ بدواسة مع صاروخ فوم للاطلاق، للاطفال من سن 3-12 سنة,
ماكينة فقاعات مع محلول فقاعات من فن مومنت، اكثر من 10000 فقاعة (متعددة الالوان),
لعبة قاذف الماء بمدى طويل يصل إلى 10 أمتار، ألعاب مائية لحمام السباحة في الصيف، للأطفال والكبار من كاستويف، مجموعة من 6 قطع,
بلاي-دوه مجموعة لعب خلاط سموثي، رغوة، متعدد الألوان,
30 عبوة من لفائف تخفيف التوتر السحرية بالوان قوس قزح الربيعية، العاب كبيرة الحجم للحفلات والكرنفال وجوائز عيد الميلاد وحشو شنطة هدايا للاطفال الاولاد والبنات,
بساط رسم مائي ماجيك دودل كبير للغاية مقاس 100 × 100 سم، من توبيب، بساط تلوين مائي تعليمي للاطفال الصغار والاولاد والبنات بعمر سنتين و3 و4 و5 و6 و7 و8 سنوات,
مجموعة أدوات للأطفال من فينيسين، 42 قطعة مع مثقاب كهربائي وصندوق أدوات، أدوات بناء للأطفال، أدوات لعب تظاهرية هدية للأولاد والبنات بعمر 3 و4 و5 و6 و7 و8 سنوات,
مجموعة العاب رمل الشاطئ للاطفال - دلو ومجرفة ومنخل وعلبة سقي الاولاد والبنات 18 قطعة متعدد الألوان,
لعبة السلطعون الزاحف للأطفال من ليلي، لعبة تفاعلية وممتعة تتحرك وتصدر أصوات موسيقية، للأطفال من عمر 3 إلى 9 سنوات، وللرضع والأطفال الصغار الذين يتعلمون الزحف (أزرق),
لعبة ارقام برج للاطفال,
مجموعة مكياج للاطفال من ويمارت، مجموعة مكياج غير سامة وقابلة للغسل مع مراة وتصميم لابتوب للبنات الصغيرات للعب الاطفال الصغار,
مينغ كيدز العاب مونتيسوري لعمر سنة واحدة لعبة فرز الاطفال مكعب ملون و6 قطع اشكال متعددة الحواس تعليمية تنموية الصغار هدايا عيد الميلاد 6 12 18 شهر بلاستيك ايه بي اس,
مجموعة قلعة هوغوارتس: البرج الرئيسي من ليغو Harry Potter، مجموعة لعب مغامرة عالم السحرة للأطفال، قطع ممتعة قابلة للتجميع للصبيان والبنات والهواة، مع 12 من شخصيات هاري بوتر، هدية ساحرة للأطفال 76454,
